class,template_sample_id,sample_id,anomaly_type,is_anomaly,gt_anomaly_points,point_count,object_score,max_point_score,mean_nn_distance,max_nn_distance,gt_point_score_mean,bg_point_score_mean
cap3,cap3_template0,cap3_bending0,bending,True,629,16384,1.3088989422160047,1.5,0.09273530346216668,0.3335145229629905,0.6099525666679426,0.49455672480079854
cap3,cap3_template0,cap3_positive0,positive,False,0,16384,1.327130411775587,1.5,0.09138447959892854,0.3338523265777853,,0.49820709426535376
tap1,tap1_template0,tap1_broken2,broken,True,26,16384,1.2649107010437766,1.5,0.17186458290431156,0.36745453072998446,1.150847985628658,0.7270307760277009
tap1,tap1_template0,tap1_positive0,positive,False,0,16384,1.2610569716117352,1.5,0.12969845567040061,0.3757349150808625,,0.5779770120496144
helmet1,helmet1_template0,helmet1_bulge0,bulge,True,539,16384,1.0467851342004049,1.3592479184874615,0.030050503448558336,0.22677180824938875,0.11318762151856707,0.2781656298247653
helmet1,helmet1_template0,helmet1_positive0,positive,False,0,16384,1.0325705533985372,1.3077454977125273,0.03061316243080437,0.2290935462107646,,0.2726220541887049
ashtray0,ashtray0_template0,ashtray0_bulge0,bulge,True,1095,16384,1.142622931777355,1.4099112363308182,0.13701957417209745,0.3803302648173858,0.4722441070403482,0.6294645356100034
ashtray0,ashtray0_template0,ashtray0_positive0,positive,False,0,16384,1.1363993270856205,1.373088681700012,0.13611952911544212,0.38059659144221697,,0.612385226414372
