class,template_sample_id,sample_id,anomaly_type,is_anomaly,gt_anomaly_points,point_count,object_score,max_point_score,mean_nn_distance,max_nn_distance,gt_point_score_mean,bg_point_score_mean
cap3,cap3_template0,cap3_bending0,bending,True,629,16384,1.5749967074857285,1.9502974231730912,0.09273530346216668,0.3335145229629905,0.7374070452313989,0.6571356799929868
cap3,cap3_template0,cap3_positive0,positive,False,0,16384,1.600806242814689,1.9562510179088706,0.09138447959892854,0.3338523265777853,,0.6624508832229548
tap1,tap1_template0,tap1_broken2,broken,True,26,16384,1.39439299080622,1.8449293251120193,0.17186458290431156,0.36745453072998446,1.24050812991382,0.8605313840873438
tap1,tap1_template0,tap1_positive0,positive,False,0,16384,1.4142370554927122,1.7630111113701883,0.12969845567040061,0.3757349150808625,,0.7947121762123424
helmet1,helmet1_template0,helmet1_bulge0,bulge,True,539,16384,1.182358296507906,1.7792126044358434,0.030050503448558336,0.22677180824938875,0.2279213562066614,0.42450888983722534
helmet1,helmet1_template0,helmet1_positive0,positive,False,0,16384,1.1735650575559768,1.6065887416171898,0.03061316243080437,0.2290935462107646,,0.4125933821407144
ashtray0,ashtray0_template0,ashtray0_bulge0,bulge,True,1095,16384,1.373566564564787,1.7646766697565774,0.13701957417209745,0.3803302648173858,0.5958503571520489,0.7655450020002654
ashtray0,ashtray0_template0,ashtray0_positive0,positive,False,0,16384,1.3652869087852353,1.7673887973090956,0.13611952911544212,0.38059659144221697,,0.7477701665121419
