class,pixel_auc,object_auc,warning_count,warning_sample_count,official_voxel_size,sweep_voxel_sizes
cap3,0.8469283758563578,0.5508771929824561,8,1,0.03,0.020 0.030 0.040 0.050
cap4,0.8638029838226254,0.6280701754385964,6,1,0.02,0.020 0.030 0.040 0.050
tap1,0.90339414590462,0.7666666666666666,0,0,0.04,0.020 0.030 0.040 0.050
helmet2,0.834360373670316,0.7768115942028986,0,0,0.03,0.020 0.030 0.040 0.050
microphone0,0.9077728903863381,0.7809523809523811,0,0,0.015,0.020 0.030 0.040 0.050
shelf0,0.8593566516706261,0.7913043478260869,0,0,0.015,0.020 0.030 0.040 0.050
cap5,0.8990155210429013,0.7964912280701755,0,0,0.015,0.020 0.030 0.040 0.050
