class,template_sample_id,sample_id,anomaly_type,is_anomaly,gt_anomaly_points,point_count,object_score,max_point_score,mean_nn_distance,max_nn_distance,gt_point_score_mean,bg_point_score_mean
cap3,cap3_template0,cap3_bending0,bending,True,629,16384,1.9512580211835937,2.4254461347596363,0.09273530346216668,0.3335145229629905,0.9658218406010629,0.827781843290981
cap3,cap3_template0,cap3_positive0,positive,False,0,16384,1.9782627122808303,2.4343765268633057,0.09138447959892854,0.3338523265777853,,0.836179312702765
tap1,tap1_template0,tap1_broken2,broken,True,26,16384,1.7066677888995327,2.273698376269124,0.17186458290431156,0.36745453072998446,1.3744639272578032,1.0498095210583631
tap1,tap1_template0,tap1_positive0,positive,False,0,16384,1.715391712036183,2.1482725240175644,0.12969845567040061,0.3757349150808625,,1.017778453323261
helmet1,helmet1_template0,helmet1_bulge0,bulge,True,539,16384,1.4276655044610183,2.2391949474100343,0.030050503448558336,0.22677180824938875,0.32324856421330644,0.5594720882605759
helmet1,helmet1_template0,helmet1_positive0,positive,False,0,16384,1.4104280599231886,2.0516663874249064,0.03061316243080437,0.2290935462107646,,0.5439812522300392
ashtray0,ashtray0_template0,ashtray0_bulge0,bulge,True,1095,16384,1.6888056702153018,2.244775638887624,0.13701957417209745,0.3803302648173858,0.80693057140903,0.9474833011242819
ashtray0,ashtray0_template0,ashtray0_positive0,positive,False,0,16384,1.6800033322838184,2.2419655218814007,0.13611952911544212,0.38059659144221697,,0.9311836533918868
